Workbook

Sheet Comparison
A1: Belleville stack comparison: 16 × A50 single vs A40 in pairs
A2: Blue = input you can change · black = formula · yellow = fill in from the quote
A4: Parameter | B4: A50 single | C4: A40 in pairs
A5: Washer size | B5: =Washers!A3 -> A50 × 25.4 × 3 | C5: =Washers!A4 -> A40 × 20.4 × 2.25
A6: Washers per group (parallel) | B6: 1 | C6: 2
A7: Per-washer force at preload (kN) | B7: =Inputs!$B$2/B6 -> 8.2 | C7: =Inputs!$B$2/C6 -> 4.1
A8: Preload deflection (× h0) | B8: =IF(B7<=Washers!G3,0.25*B7/Washers!G3,IF(B7<=Washers!H3,0.25+0.25*(B7-Washers!G3)/(Washers!H3-Washers!G3),IF(B7<=Washers!I3,0.5+0.25*(B7-Washers!H3)/(Washers!I3-Washers!H3),0.75+0.25*(B7-Washers!I3)/(Washers!J3-Washers!I3)))) -> 0.49936869 | C8: =IF(C7<=Washers!G4,0.25*C7/Washers!G4,IF(C7<=Washers!H4,0.25+0.25*(C7-Washers!G4)/(Washers!H4-Washers!G4),IF(C7<=Washers!I4,0.5+0.25*(C7-Washers!H4)/(Washers!I4-Washers!H4),0.75+0.25*(C7-Washers!I4)/(Washers!J4-Washers!I4)))) -> 0.45560748
A9: Travel per group to limit (mm) | B9: =(Inputs!$B$5-B8)*Washers!E3 -> 0.16569444 | C9: =(Inputs!$B$5-C8)*Washers!E4 -> 0.17495327
A10: Minimum groups to stay within limit | B10: =ROUNDUP(Inputs!$B$3/B9,0) -> 16 | C10: =ROUNDUP(Inputs!$B$3/C9,0) -> 15
A11: Groups in series (chosen) | B11: 16 | C11: 16
A12: Within deflection limit? | B12: =IF(B14<=Inputs!$B$5,"Yes","No – add a group") -> Yes | C12: =IF(C14<=Inputs!$B$5,"Yes","No – add a group") -> Yes
A13: Total washers | B13: =B11*B6 -> 16 | C13: =C11*C6 -> 32
A14: Release deflection (× h0) | B14: =B8+Inputs!$B$3/B11/Washers!E3 -> 0.64141414 | C14: =C8+Inputs!$B$3/C11/Washers!E4 -> 0.62921859
A15: Release force (kN) | B15: =B6*IF(B14<=0.25,Washers!G3*B14/0.25,IF(B14<=0.5,Washers!G3+(B14-0.25)/0.25*(Washers!H3-Washers!G3),IF(B14<=0.75,Washers!H3+(B14-0.5)/0.25*(Washers!I3-Washers!H3),Washers!I3+(B14-0.75)/0.25*(Washers!J3-Washers!I3)))) -> 10.353838 | C15: =C6*IF(C14<=0.25,Washers!G4*C14/0.25,IF(C14<=0.5,Washers!G4+(C14-0.25)/0.25*(Washers!H4-Washers!G4),IF(C14<=0.75,Washers!H4+(C14-0.5)/0.25*(Washers!I4-Washers!H4),Washers!I4+(C14-0.75)/0.25*(Washers!J4-Washers!I4)))) -> 11.048172
A16: Required at drawbar incl. P (kN) | B16: =B15+Inputs!$B$4 -> 10.853838 | C16: =C15+Inputs!$B$4 -> 11.548172
A17: Cylinder margin | B17: =Inputs!$B$10/B16-1 -> 0.14620344 | C17: =Inputs!$B$10/C16-1 -> 0.077287947
A18: Group free height (mm) | B18: =Washers!F3+(B6-1)*Washers!D3 -> 4.1 | C18: =Washers!F4+(C6-1)*Washers!D4 -> 5.4
A19: Free stack length (mm) | B19: =B11*B18 -> 65.6 | C19: =C11*C18 -> 86.4
A20: Preloaded stack length (mm) | B20: =B19-B11*B8*Washers!E3 -> 56.811111 | C20: =C19-C11*C8*Washers!E4 -> 79.839252
A21: Stack-height guide, 3 × OD (mm) | B21: =3*Washers!B3 -> 150 | C21: =3*Washers!B4 -> 120
A22: Stack-height check | B22: =IF(B19<=B21,"OK","Exceeds") -> OK | C22: =IF(C19<=C21,"OK","Exceeds") -> OK
A23: Washer mass, total (g) | B23: =B13*Washers!K3 -> 520.464 | C23: =C13*Washers!K4 -> 488.32
A24: Cap washer bore (mm) | B24: =Washers!B3+Inputs!$B$12 -> 50.6 | C24: =Washers!B4+Inputs!$B$12 -> 40.6
A25: Cap OD, estimate (mm) | B25: =B24+2*Inputs!$B$11 -> 62.6 | C25: =C24+2*Inputs!$B$11 -> 52.6
A26: Friction between washers | B26: None (series only) | C26: Yes, at every pair
A27: Unit price ($ per washer)
A28: Washer cost ($) | B28: =IF(B27="","",B27*B13) | C28: =IF(C27="","",C27*C13)
A30: Why A50 single was favoured
A31: 1. Predictability: washers in a parallel pair rub as they flex. That friction adds hysteresis, so real release force is higher and clamp force lower and less repeatable than calculated, and preload set by stack height is less exact. Grease (MoS₂) reduces it but does not remove it. Series-only stacks avoid it.
A32: 2. Cylinder margin: A40 pairs leave less margin before friction. A 5.5:1 lever or running at 6.2 bar restores it.
A33: 3. Shorter stack and drawbar: about 23 mm less height. Headroom is not a constraint on this machine, so minor.
A34: Where A40 pairs win
A35: 1. Smaller cap: turns from 70–75 mm bar instead of 85 mm, cheaper and less machining, with less rotating diameter at up to 2,500 rpm.
A36: 2. Availability: A40 is a common size and may be easier to get locally.
A37: 3. Cost, possibly: depends on the quote. 32 × A40 only wins if each is well under half the price of an A50; enter both unit prices above.
A38: Bottom line
A39: Both work; fatigue and washer mass are about equal. Let the quote decide: if A40s are cheap and in stock, use A40 pairs with a 5.5:1 lever and MoS₂ grease between washers; otherwise 16 × A50 single.
A40: Method notes
A41: Forces are linearly interpolated between the DIN 2093 tabulated points (0.25, 0.5, 0.75, 1.0 h0). Group count is an input (blue); the minimum count for the deflection limit is shown beside it. Results differ slightly from the chat figures (A50 10.4 kN, A40 11.2 kN), which assumed exactly 0.64 h0 at release rather than the deflection 16 groups actually gives. Friction is not modelled.

Sheet Inputs
A1: Design inputs
A2: Preload target (kN) | B2: 8.2 | C2: Design preload; Hoss guidance for TTS on small mills is 6.7–8.9 kN (1,500–2,000 lbf).
A3: Release stroke s_r (mm) | B3: 2.5 | C3: Assumed until the release test with the new collet.
A4: Collet push-out force P (kN) | B4: 0.5 | C4: Assumed; first estimate from the taper break test.
A5: Release deflection limit (× h0) | B5: 0.65 | C5: Design choice, below the 0.75 h0 recommended maximum dynamic deflection (DIN 2093 guidance, per Surisa).
A6: Cylinder bore (mm) | B6: 80 | C6: Selected cylinder.
A7: Design pressure (bar) | B7: 5.5 | C7: Supply is 90 psi (6.2 bar); 5.5 bar allows for line drop and cut-in.
A8: Lever ratio i | B8: 5 | C8: Proposed; adjustable 5–6:1.
A9: Lever efficiency η | B9: 0.9 | C9: Assumed.
A10: Force available at drawbar (kN) | B10: =PI()*B6^2/4*B7/10/1000*B8*B9 -> 12.440707 | C10: p × A × i × η
A11: Cap wall thickness (mm) | B11: 6 | C11: Proposed.
A12: Washer OD guide clearance (mm) | B12: 0.6 | C12: DIN 2093 guide tolerance for De > 31.5–50 mm (Surisa).

Sheet Washers
A1: DIN 2093 series A washer data
A2: Size | B2: De (mm) | C2: Di (mm) | D2: t (mm) | E2: h0 (mm) | F2: l0 (mm) | G2: F 0.25 h0 (kN) | H2: F 0.5 h0 (kN) | I2: F 0.75 h0 (kN) | J2: F 1.0 h0 (kN) | K2: Mass each (g)
A3: A50 × 25.4 × 3 | B3: 50 | C3: 25.4 | D3: 3 | E3: 1.1 | F3: 4.1 | G3: 4.25 | H3: 8.21 | I3: 12 | J3: 15.6 | K3: 32.529
A4: A40 × 20.4 × 2.25 | B4: 40 | C4: 20.4 | D4: 2.25 | E4: 0.9 | F4: 3.15 | G4: 2.34 | H4: 4.48 | I4: 6.5 | J4: 8.46 | K4: 15.26
A6: Source: DIN 2093 table as published by Fasten.it, https://www.fasten.it/en/norms/norm/din_2093 (forces converted N → kN; mass = kg per 1,000 pcs).
